Index,x1,x2,y
0,0.5871834346311285,0.5685777954223507,1.0
1,0.5731648463390115,0.48123924309022503,1.0
2,0.5942689429907752,0.509110039313027,1.0
3,-0.8579007603444597,-0.5337214019998159,-1.0
4,-0.8860405868646946,0.4456095194299159,-1.0
5,-0.987336081181645,-0.029986442971152723,-1.0
6,0.9455638620405474,-0.2394993777482379,-1.0
7,-0.5515025768182896,-0.6022623190996353,1.0
8,0.22455422788563495,0.9601387442720125,-1.0
9,0.6651165206317614,-0.46756775705560677,1.0
10,0.7641272193876114,0.05836285156614621,1.0
11,-0.9099091343756043,0.31734334724164415,-1.0
12,0.846961669212026,0.49985961496290343,-1.0
13,0.9968744207760688,-0.17733110937133956,-1.0
14,0.6884236216791011,-0.4603231007357167,1.0
15,0.37957563824825835,-0.6867018759679763,1.0
16,-1.0000791281754875,0.04540403454387611,-1.0
17,-0.7127589852557903,-0.34036745340092656,1.0
18,0.2161579731537991,-0.7608715422083334,1.0
19,1.0056973137233531,0.027253023862215828,-1.0
20,0.2187944897643191,-0.9399903394242127,-1.0
21,-0.5272064933680088,0.5973982210655463,1.0
22,0.3641114114055933,0.7066184005905288,1.0
23,-0.1339022421452033,0.9272623582298701,-1.0
24,0.5254498561067703,0.8567597818775234,-1.0
25,-0.6879702915742625,0.41778927592408593,1.0
26,-0.46214126047466125,0.9157936761831708,-1.0
27,-0.6125145555949219,-0.6059327817392123,1.0
28,0.4863840885372714,0.6424438955244223,1.0
29,-0.2895682430679705,-0.9457790213092946,-1.0
30,0.7494575850584801,0.27986941396717374,1.0
31,-0.7755167603715469,0.14223819249022013,1.0
32,0.7290495379947649,0.37728681779447404,1.0
33,0.55233838957316,-0.5959598790871237,1.0
34,-0.9570370386540006,-0.08954692075101997,-1.0
35,-0.7471745933897842,0.24822712962773358,1.0
36,0.862954575735829,0.5490964804494903,-1.0
37,0.47936129287668044,0.8604413251811156,-1.0
38,0.4234248897162197,0.6467170556629429,1.0
39,0.17156635718625093,-0.7600476245215353,1.0
40,0.6336057646131394,0.4995192974861363,1.0
41,-0.7103169969546618,0.31412317944180335,1.0
42,-0.7525317661993433,0.6289247881062787,-1.0
43,0.9581867639316685,0.3297596150496007,-1.0
44,1.0044957193509416,0.06273112720898891,-1.0
45,0.5493525091389697,0.8506675997287142,-1.0
46,-0.8409199134102796,-0.5674408868042987,-1.0
47,-0.7129317434507266,-0.7170404939331295,-1.0
48,0.4144863385302802,-0.6900136385318386,1.0
49,0.877170332021986,-0.5015558121342584,-1.0
50,-0.41942802757760916,-0.6778821920174145,1.0
51,-0.3705618547566284,-0.9573382856251195,-1.0
52,-0.9447487659905364,-0.1449788640999763,-1.0
53,0.7761869960034721,-0.6638931979576601,-1.0
54,0.3092172627450592,0.7460411328038539,1.0
55,-0.13907701067213787,-0.8000894508148706,1.0
56,-0.06273303545938932,0.9951347701695937,-1.0
57,0.8172330178285576,0.035397252773201784,1.0
58,0.6419677272440453,0.49262382788694,1.0
59,-0.8493675378170059,0.5721684940556665,-1.0
60,-0.7370132026782995,-0.2661978611736964,1.0
61,-0.8529335872182644,-0.5602035851953456,-1.0
62,-0.5916535338461857,0.8351916656149352,-1.0
63,-0.7556323627026772,0.17964260734130716,1.0
64,-0.937511334537566,-0.3657319149338244,-1.0
65,0.29840911150011956,0.7286222858200295,1.0
66,0.7835704916658779,-0.20338200264978357,1.0
67,-0.33361986896198664,-0.7356312051795355,1.0
68,-0.6539961821838056,-0.4785726682495391,1.0
69,-0.7283584824736394,0.2878145370677276,1.0
70,0.3138251634518673,0.7144399362042472,1.0
71,0.054520745122430325,-0.8124109664244227,1.0
72,0.43532925336080935,0.7200773294314113,1.0
73,-0.6132627867855717,-0.477586057249785,1.0
74,-0.06445821395132521,0.9862882149155023,-1.0
75,-0.6822194886594091,0.7210734532136455,-1.0
76,0.11565863577348733,0.8027457709767679,1.0
77,-0.053998907356068424,-0.9667546071447011,-1.0
78,0.7458481871435158,0.15080024029543654,1.0
79,0.04160403553833201,-0.7946946256759377,1.0
80,0.5928982933540805,-0.6057748422749469,1.0
81,0.9733508584807906,0.019454321676813238,-1.0
82,0.7078110512039153,-0.7050093791438015,-1.0
83,-0.9936277370851221,-0.20680497104334933,-1.0
84,-0.2386308519456026,-0.7605673222930746,1.0
85,0.5893755784824218,-0.769733529997048,-1.0
86,0.9996823539965203,0.1645969817755612,-1.0
87,-0.18091514532963554,-1.0015916271613452,-1.0
88,-0.9519499884232058,0.32787004021939287,-1.0
89,-0.6527814650884128,0.483350919891302,1.0
90,-0.625084522509322,0.7552256290553309,-1.0
91,0.07459486914622554,0.8127285919362477,1.0
92,0.634623264629318,-0.487892359639678,1.0
93,0.3807071910639849,-0.6974240515180082,1.0
94,0.8961988178968737,-0.437769963330581,-1.0
95,-0.9784171853052138,0.1693334648428785,-1.0
96,0.21546439928756514,0.7590812770653248,1.0
97,-0.791875868344835,0.07043631595124915,1.0
98,0.40596770848903885,0.6558920032880697,1.0
99,-1.0022878422089823,0.04355621559705391,-1.0
100,0.9619372028254753,-0.3494241602359901,-1.0
101,0.9491461810915924,0.3858749244650176,-1.0
102,0.9625173912157174,-0.1893718235213159,-1.0
103,-0.12360628404832148,-0.7653723195402572,1.0
104,0.03057501370856622,-1.0025972707398807,-1.0
105,0.5106851923895082,0.8974204252652179,-1.0
106,-0.5204952938405528,0.8712696757755903,-1.0
107,0.8189538680201123,0.5894406975414783,-1.0
108,-0.5212170632807686,0.6578032040809502,1.0
109,-0.2180984771349224,0.9943510891495952,-1.0
110,0.9561569324601078,-0.2766676575335046,-1.0
111,-0.38079855348208047,-0.6927359772814344,1.0
112,0.803067160749264,-0.0728466467072695,1.0
113,0.6353639760312036,0.456219436062729,1.0
114,0.5096106414254512,0.5804878809789101,1.0
115,0.05814560120650231,-0.8196928656811588,1.0
116,-0.5184656625051093,-0.8474839569063761,-1.0
117,0.2076945922228077,-0.7926235771395879,1.0
118,0.7622711357997469,0.3679044709711685,1.0
119,-0.8096933306462365,0.003581049860399873,1.0
120,-0.8096956113733476,0.07104689683482855,1.0
121,0.5638023784378361,0.8282730766278413,-1.0
122,0.9576388094939137,0.2554385006939864,-1.0
123,0.529481586655587,-0.5479747113386023,1.0
124,-0.5610985960665337,0.8202095289659826,-1.0
125,-0.7508344826135098,0.23650697335247028,1.0
126,-0.42223748120586224,0.8885236202227246,-1.0
127,-0.9085143937018633,0.4268378950499344,-1.0
128,0.5840110287890088,0.7725597557500478,-1.0
129,-0.8823615266443937,0.4188728001599291,-1.0
130,0.30227713609104234,-0.760660457179767,1.0
131,0.23844778635118405,0.7596654060410976,1.0
132,-0.42449874295751033,0.8846740668127835,-1.0
133,-1.0083787362426921,0.16138451539043192,-1.0
134,-0.45305548168812404,-0.6688974973135333,1.0
135,0.7640390071664047,-0.12871669423054222,1.0
136,-0.6638901421875609,0.35267874180092507,1.0
137,0.7443588473552054,0.3901297657160948,1.0
138,0.14152069942275608,1.0144341586051382,-1.0
139,0.769122257223089,-0.16315560477961322,1.0
140,-0.5483129467805239,-0.8513641904958364,-1.0
141,0.3741250108133529,0.737763821301958,1.0
142,0.6353646880397407,0.7804533406097002,-1.0
143,-0.80011289697841,-0.09223666910146429,1.0
144,0.40613640136677887,0.6960451305235547,1.0
145,-0.5260499949322975,-0.5695898653290061,1.0
146,-0.06750861379888581,-0.8078991989049573,1.0
147,-0.5553753003066904,-0.8289292157616969,-1.0
148,0.8371249027103551,0.5662167914821636,-1.0
149,0.45204174641127753,0.6282296367030208,1.0
150,-0.0122244773485764,-0.7746931675157603,1.0
151,-0.7096488672068283,-0.35624118989293446,1.0
152,-0.17558244023790148,0.9797706702175473,-1.0
153,0.9234774829915748,-0.4779307461911331,-1.0
154,0.1293897190612867,-0.9770244581903592,-1.0
155,-0.7415202551573086,0.33554337048158966,1.0
156,-0.021409362563164933,-0.817843833294867,1.0
157,-0.14248874854976445,-0.9683282574754271,-1.0
158,0.4240475259152196,0.8852251648703078,-1.0
159,0.9141419852549478,0.37609421436958407,-1.0
160,-0.5535392883149184,0.5638262834567934,1.0
161,0.6872357635088109,0.7294158950316664,-1.0
162,0.192628229908526,0.9959506727338253,-1.0
163,0.31338258875313035,-0.9513384806001708,-1.0
164,0.14239522571069269,0.9911015844090636,-1.0
165,-0.8118667779292044,0.0179650484800833,1.0
166,-0.1124256683748894,-0.7990678696162223,1.0
167,0.9238717615129174,-0.44730683338526483,-1.0
168,-0.8194918481958476,0.09561376066427615,1.0
169,-0.8140659057743623,0.5700799986134537,-1.0
170,0.012984105057637486,-0.814522990247398,1.0
171,-0.798365728790716,-0.07129989443551041,1.0
172,0.7801477162146697,0.17500545245579965,1.0
173,0.7425913705392488,0.19292716417568254,1.0
174,-0.43496452932176644,0.9057737492979714,-1.0
175,0.7405261798740053,0.2632376071204533,1.0
176,-0.7708945458765757,-0.16541647509828794,1.0
177,0.592326689969802,-0.5143140078213481,1.0
178,-0.15850783679847716,0.7654007133248256,1.0
179,-0.6567866458350483,-0.7810550043495914,-1.0
180,0.967850703575173,-0.3404492914021254,-1.0
181,-0.07618381938532907,0.9976831100481905,-1.0
182,0.9671520532341139,0.00711154499759886,-1.0
183,0.06669493214936295,0.804578819020629,1.0
184,-0.3174773194363394,0.7262136973355973,1.0
185,-0.5867011116743724,0.5126643530335937,1.0
186,0.9173079210017053,-0.43707946206913095,-1.0
187,0.4602163695088398,-0.6419295410008774,1.0
188,-0.38081297626483307,-0.911650861045971,-1.0
189,0.7075628934129493,0.4398002949983193,1.0
190,0.670679290746039,0.6982560298962767,-1.0
191,-0.41809304403536385,-0.6935902954664818,1.0
192,-0.41724197494997545,0.7225974998497321,1.0
193,-0.3566599854653973,-0.9176742991456165,-1.0
194,0.04852924799140976,0.947697789823899,-1.0
195,0.8338118561847515,0.545949761159128,-1.0
196,-0.9506268073180154,-0.33973552128781076,-1.0
197,0.08136397830500053,-0.8275540377769263,1.0
198,-0.994811097832027,-0.04522445081166416,-1.0
199,-1.011409427355205,0.02031277299534033,-1.0
200,-0.275437188197888,0.7095145366705738,1.0
201,0.01953388161209551,-1.01531522188904,-1.0
202,0.39744772078931606,-0.900037550673813,-1.0
203,0.3497636142387268,0.8991688878593436,-1.0
204,0.4374696314947001,-0.7072894103925507,1.0
205,-0.8070915958784365,-0.6009924616326943,-1.0
206,-0.0355465353426437,-0.9632019909298511,-1.0
207,-0.008036491045766704,0.9780684208289033,-1.0
208,-0.9121884929610812,-0.38858114095887547,-1.0
209,0.019025825901077466,-0.9927280822373765,-1.0
210,-0.3585996846083283,0.7046008103282894,1.0
211,0.07210362827595292,0.9655672343986704,-1.0
212,-0.494998943813666,-0.8420279248273891,-1.0
213,-0.7398642410769349,-0.31620227978664683,1.0
214,-0.9645352309649518,-0.23355921140542402,-1.0
215,-0.2235915031426798,0.8033980394782125,1.0
216,0.34476171850549053,0.9488789311688909,-1.0
217,0.6768902433980571,0.7650766382822328,-1.0
218,-0.40905030845933665,-0.6810571512145137,1.0
219,-0.6999630341128167,0.7310044004057086,-1.0
220,-0.2867294534717922,0.93899449547723,-1.0
221,-0.35031914290712335,0.9415592925926265,-1.0
222,-0.23337939332521263,-0.9251591429415588,-1.0
223,0.7533358549453376,-0.2431866731017128,1.0
224,-0.7525313066921628,-0.6350207426943737,-1.0
225,0.2756377448384057,0.7187312934514772,1.0
226,0.570267064058599,0.6122551272689118,1.0
227,0.6374877162189831,-0.4722885335496366,1.0
228,0.5321276378849917,0.8209831197366851,-1.0
229,0.641209527550095,0.4456874275219593,1.0
230,0.7683818069490916,-0.2481588738838573,1.0
231,-0.48859155535445636,0.869834317008104,-1.0
232,0.8826323538192948,0.5150763745581907,-1.0
233,0.41980726574996197,-0.8893577266866243,-1.0
234,-0.8646475490342272,0.4976301141625697,-1.0
235,0.9797803943987781,0.004281318256131449,-1.0
236,-0.16659010172409933,0.957882238867974,-1.0
237,-0.48638921583139194,0.8789686891173183,-1.0
238,-0.36006329775841195,-0.8940289050220016,-1.0
239,0.6001798193401499,-0.8115819612893196,-1.0
240,-0.30742097332459684,0.7369733747782163,1.0
241,0.733353780869297,-0.38171802289433077,1.0
242,-0.7906361478361152,-0.6345109202751665,-1.0
243,-0.3318250412170506,-0.7435816731005283,1.0
244,0.5467027038065231,0.8133119367808115,-1.0
245,0.05721445667814527,-0.7688622995263281,1.0
246,-0.45024038659390797,0.634703936868267,1.0
247,-0.3973003759246954,-0.9208418079826678,-1.0
248,-0.9266599580268311,0.31530349644363503,-1.0
249,0.6786874780765759,0.43700818380842255,1.0
250,0.5457377288696225,-0.5708738956227006,1.0
251,-0.3613685238245344,0.7175120857390219,1.0
252,-0.8373846555133911,-0.4777879300603993,-1.0
253,-0.8568972070569759,0.5495691472514492,-1.0
254,-0.9701358162141142,0.3308091047658971,-1.0
255,-0.19365723065383364,-0.7644146419805727,1.0
256,0.9948024064356634,-0.14888049791328092,-1.0
257,-0.6956370316120125,0.3413030490952766,1.0
258,-0.450065933725539,-0.9071413426325582,-1.0
259,0.7671318934553414,-0.1863179935573239,1.0
260,-0.9663587565095367,-0.2543892827268847,-1.0
261,0.5481562721459887,-0.601291864559427,1.0
262,-0.6067946689350558,-0.48943210498547784,1.0
263,0.4953688333378302,0.8845110680421072,-1.0
264,0.26927943230712054,0.9633406184734661,-1.0
265,0.659136483085821,0.4530833883969846,1.0
266,0.09297145572933956,0.7792169359820051,1.0
267,-0.8329338835718744,0.5749560184430237,-1.0
268,0.7442572814370602,-0.3187311949315434,1.0
269,-0.6971219050021265,-0.41563339269260685,1.0
270,0.9094448166041224,0.3860708035184468,-1.0
271,0.0033036867131443423,0.786605197861355,1.0
272,-0.3813502421389363,-0.9070121913567016,-1.0
273,-0.5738629419666211,0.5729705295970953,1.0
274,-0.9575787684814058,-0.22433544807154562,-1.0
275,0.94226970465019,-0.03137649834320387,-1.0
276,-0.7465288865442583,-0.25743052444865777,1.0
277,-0.8063643117243392,-0.12250854508665612,1.0
278,0.7862215870097765,0.17516386896142347,1.0
279,0.10236495172449182,0.8000231561547227,1.0
280,0.7935373836043823,0.14410644073421153,1.0
281,0.688860304107686,-0.4593768712799322,1.0
282,-0.3287172255708161,0.9306924148107676,-1.0
283,0.7020206766759337,-0.35933494220293394,1.0
284,0.756069121911801,-0.09891265978239236,1.0
285,0.9389188965075983,0.40266134431911127,-1.0
286,-0.5795419232969968,0.5503122848124942,1.0
287,-0.47218435351317123,-0.8825627799204847,-1.0
288,0.8735934049863928,0.46114621992290356,-1.0
289,-0.48133654253934954,0.8886774618960342,-1.0
290,0.7614287606835912,-0.6629021027065528,-1.0
291,0.9451304081038324,-0.32907992505452976,-1.0
292,-0.6346559749679516,0.48048872267978215,1.0
293,-0.4823876815316774,-0.6424188359123312,1.0
294,0.9891826279765022,-0.12556206542137127,-1.0
295,0.5089121040566863,-0.5841456838391655,1.0
296,0.7437253780279932,0.26343066367263324,1.0
297,0.6716821596361235,0.3951075866926358,1.0
298,0.3838195874127854,0.6982315231812292,1.0
299,-0.6591133835135614,-0.36472014642124234,1.0
300,0.7109261404883718,0.3759530266242349,1.0
301,-0.8883930446251627,-0.5001947206433713,-1.0
302,0.517739753153877,0.6121072850802423,1.0
303,-0.7067083681400201,0.4081538333562963,1.0
304,0.5506811854258221,-0.8345530562244015,-1.0
305,-0.28632762080052343,0.9256241838142272,-1.0
306,-0.6388169583181347,-0.4211704735310842,1.0
307,0.4336275634535715,-0.9089882271640259,-1.0
308,0.13999513072464198,0.984246630123197,-1.0
309,0.7003369931206321,-0.42602929605871165,1.0
310,-0.9388034050800415,0.4013475618434623,-1.0
311,-0.4420476340871226,-0.908135804451605,-1.0
312,-0.9084623651242465,0.45191272170887,-1.0
313,0.47478231990633485,-0.6184767362320586,1.0
314,1.0037318897485161,-0.09236510407997396,-1.0
315,1.0034220135035794,0.13165710784476625,-1.0
316,-0.3238891048198099,0.7296376842861219,1.0
317,0.05919822072507923,1.0257144324379515,-1.0
318,0.005996415289345511,-0.9889037992243783,-1.0
319,-0.7294295632405875,0.2578690765605924,1.0
320,0.09637411106224703,-0.9974340679836147,-1.0
321,-0.11339044576346322,-0.7870375042421734,1.0
322,-0.6261018131905005,-0.447639079622436,1.0
323,-0.9920205914860144,-0.19471944552612933,-1.0
324,0.2543482403090794,-0.9751897717674541,-1.0
325,0.6219924923989996,-0.7793248988187054,-1.0
326,-0.363900098014248,0.7039819854409257,1.0
327,-0.23123888769287732,0.9669892215570198,-1.0
328,0.6383003478838374,-0.5229804340918381,1.0
329,0.9640943201623358,-0.260065332664181,-1.0
330,0.26265765090998205,-0.7429684704504838,1.0
331,-0.33329505951569943,0.9588445613543689,-1.0
332,-0.9217992983556037,-0.3663547784993185,-1.0
333,0.7748601165005503,-0.20830071968181205,1.0
334,-0.9047106700633326,-0.4587768539631104,-1.0
335,0.13448955413120778,-0.8175536423159102,1.0
336,0.26326117440825864,0.7657567084636195,1.0
337,-0.9762069590012914,-0.31758813419407184,-1.0
338,-0.43821508077865357,-0.645920471870207,1.0
339,-0.49743309540587455,-0.6155968280348451,1.0
340,-0.8067343610692378,-0.5735137245537338,-1.0
341,0.7988440579592242,0.09008018677372868,1.0
342,-0.46010522562185785,-0.6305598664445622,1.0
343,0.7514254406489465,-0.2572564467605135,1.0
344,0.61299249006676,-0.7948516385011382,-1.0
345,0.14760309889275086,-1.0082248261473863,-1.0
346,-0.10388338703944279,-0.7844827503667244,1.0
347,-0.9662560377938232,-0.28152760961297885,-1.0
348,0.17352228543327444,-0.8206375185785175,1.0
349,0.7962765617007442,0.19262565441689763,1.0
350,0.5907455155061352,-0.8234742952945079,-1.0
351,-0.14645447459691824,-0.9867455431839877,-1.0
352,0.8576367623721033,-0.5029787798891422,-1.0
353,0.9650550304590377,0.23233394832337442,-1.0
354,0.4411991201291216,-0.6606989814614138,1.0
355,-0.7931668074011563,0.06846873237373405,1.0
356,0.7993998302355446,0.10035731658554937,1.0
357,0.13929042550445075,0.7777529327693564,1.0
358,-0.4186337393227759,-0.682248836886004,1.0
359,-0.6250420201057972,-0.5104885911985183,1.0
360,-0.9938379455938269,-0.16506163033089796,-1.0
361,0.2892284380903119,-0.7257528210775367,1.0
362,0.8013723345574237,0.05478144913071245,1.0
363,-0.2759075148558466,0.7813034939780623,1.0
364,-0.935453951206733,-0.24341948368840677,-1.0
365,-0.7459921099080746,0.6924245927528394,-1.0
366,0.4537230339764756,-0.6505314533862588,1.0
367,0.5256255394567432,-0.895475407286539,-1.0
368,0.5074006241758592,0.8863226504383318,-1.0
369,-0.4975280050915949,-0.6191335026243056,1.0
370,-0.5868545419888369,0.5598133826821448,1.0
371,0.7243459329268099,0.24378674045516957,1.0
372,-0.7443579375037941,0.6363603772919482,-1.0
373,-0.5744935974643866,-0.5515980458160421,1.0
374,0.633966308393079,0.4588039072291932,1.0
375,-0.13984705437289802,0.9844817019101338,-1.0
376,0.8039140318284437,0.6226963596918873,-1.0
377,-0.13896270496435478,-0.787344132745747,1.0
378,-0.8524014242851853,-0.5327832880196611,-1.0
379,-0.07461193465091473,0.8019010955063772,1.0
380,-0.6295872832278495,0.8155041647182975,-1.0
381,0.7120080515502908,-0.687913747516013,-1.0
382,0.615874710301652,0.4980616246406555,1.0
383,0.7722473649499995,0.6390721546269685,-1.0
384,-0.6843146676951174,0.7595500034381616,-1.0
385,-1.0372319390383078,0.09762054772278712,-1.0
386,-0.4999613098710937,0.5984481358588702,1.0
387,0.14914304272794118,-0.785209732304599,1.0
388,0.931788145969949,-0.3913494962526767,-1.0
389,0.7647881437123403,0.31642073721664726,1.0
390,-0.3730595004396467,0.9496732989651139,-1.0
391,-0.28299465965256415,-0.9512337146307749,-1.0
392,-0.6639642091922219,-0.44135396505450614,1.0
393,-0.9019446407046824,-0.37027500467415597,-1.0
394,0.6828863698500857,0.7195609105349912,-1.0
395,0.7463684857350381,-0.6354351537788384,-1.0
396,-0.7089756045081544,-0.7483363258756562,-1.0
397,-0.7955639433445817,-0.16427544226161372,1.0
398,0.029613500121388768,-1.0065654431913087,-1.0
399,-0.539175496036485,0.6059100661658361,1.0
400,0.6760711823512585,0.7810462518714851,-1.0
401,0.3507529058287657,0.9344357737492451,-1.0
402,0.7427699795698227,0.6465597751693221,-1.0
403,-0.9868270856240401,0.2442071967243711,-1.0
404,0.39175834984622143,-0.9473210891232184,-1.0
405,-0.6108893780849903,0.530119664826809,1.0
406,-0.02304271970615767,-0.8037594569180447,1.0
407,-0.19437848448073936,-0.9786707762463551,-1.0
408,0.5926898543987006,-0.5320013200311642,1.0
409,-0.5211103002655195,-0.591428312546718,1.0
410,0.8051425564994792,-0.0689006565649051,1.0
411,-0.9898094868944732,0.0709705395003858,-1.0
412,0.06094481861075744,0.76719178451773,1.0
413,-0.9946233638955425,0.27510384019066575,-1.0
414,0.5324477503842644,-0.843453409157914,-1.0
415,-0.45970520515585056,0.6519039059002942,1.0
416,-0.333337715506621,-0.7176097645050595,1.0
417,0.39489611689972565,0.9016028288340006,-1.0
418,-0.30983415631138933,0.9778644390006368,-1.0
419,-0.5567275317948507,0.8472452234821719,-1.0
420,0.6000057439043103,-0.49575567825606404,1.0
421,-0.5666833686719736,0.5423815360456395,1.0
422,0.46211643362756627,-0.6725705503518493,1.0
423,-0.3465718672744563,-0.6950351957173517,1.0
424,0.9204309287151855,-0.3865547523456587,-1.0
425,0.99544624722617,-0.16461465636143505,-1.0
426,0.1671250476356894,-1.0128924227139178,-1.0
427,0.15391544614740676,-0.9867749368626094,-1.0
428,-0.7277811752585194,-0.738068938462611,-1.0
429,-0.8009597574981523,-0.1525397821651788,1.0
430,0.7894607547661182,0.1246753584712544,1.0
431,0.5989427237026936,-0.8198303767776298,-1.0
432,1.0118172833557502,0.3190996225287019,-1.0
433,-0.05152690491218812,-0.9647738288490417,-1.0
434,-0.3759707038180178,0.7074969350254883,1.0
435,0.4990414346596752,0.5985769133532357,1.0
436,-0.5767467563126745,0.80085545819856,-1.0
437,-0.7732579108084201,0.051631008620316665,1.0
438,0.7689732451503983,-0.026297775685476678,1.0
439,0.08893152580021726,-1.0112372093225588,-1.0
440,-0.9517600153988863,0.08981115380758108,-1.0
441,-0.5236199783848274,-0.5750847141501894,1.0
442,0.3181229912494336,-0.9372141451008862,-1.0
443,0.47032102661708636,-0.8896787515578458,-1.0
444,0.8200052168426868,0.022395916088683156,1.0
445,0.8007777599221104,0.09140696413213859,1.0
446,0.7521781766283665,0.6709640587121832,-1.0
447,-0.34316712711171016,0.9410642042895185,-1.0
448,-0.939745487036312,0.37462541363763535,-1.0
449,-0.7770714698765868,0.19365642054307788,1.0
450,-0.7763128767991554,-0.25160536912659437,1.0
451,0.07024200364754044,0.9852316059446178,-1.0
452,-0.6311448335437319,0.492420108889523,1.0
453,-0.7561787785059394,-0.3013205273451139,1.0
454,0.7136437745765851,0.36019721071839206,1.0
455,-0.1962526597394153,-0.7903112038208623,1.0
456,0.8802202157425446,-0.3614443062662562,-1.0
457,-0.022052398778650402,-1.0294830592596054,-1.0
458,0.7092078981426829,-0.36030326200030705,1.0
459,0.2751547652843106,0.7563908357554824,1.0
460,-0.8074012031523405,-0.007510383749184304,1.0
461,-0.9507786564927585,-0.2692164154089376,-1.0
462,-0.15798791862910305,0.7555548873272804,1.0
463,-0.7243759194406205,0.3407339341425796,1.0
464,-0.8318039558113444,-0.5774557950240068,-1.0
465,0.6918144308636703,-0.42502099757206807,1.0
466,0.6986242199924586,0.37578934533799463,1.0
467,-0.11080302974722749,0.8271906923397102,1.0
468,-0.6635160474332803,-0.43138686505175655,1.0
469,0.7486037429285681,-0.5807356351075932,-1.0
470,-0.4141913534315942,0.9314166936163293,-1.0
471,-0.23066671226901694,0.7626438642406221,1.0
472,-0.6319151059097324,0.7708760396766479,-1.0
473,-0.7524459662766774,-0.2584493224574324,1.0
474,-0.5080938604582281,-0.622616822313676,1.0
475,-0.6870525945811321,-0.38669328685354176,1.0
476,-0.3857416578264625,0.6620140626745266,1.0
477,-0.38806458146810735,0.9349246142986444,-1.0
478,0.8934120361844085,0.4460655384606578,-1.0
479,0.6267220950980791,0.7705451042612351,-1.0
480,-0.599066726486278,-0.8031894015920508,-1.0
481,-0.6716184592915404,-0.741094230343612,-1.0
482,0.15390612778920212,1.0325066444617774,-1.0
483,0.7908848936271304,-0.1805118896499319,1.0
484,-0.6442323660341316,-0.7781516405853718,-1.0
485,-0.3833289170862716,0.6894369608814123,1.0
486,-0.8971757915825159,0.4279892492817034,-1.0
487,0.7851435007506785,0.6080611233198175,-1.0
488,0.9041212365636472,0.47091199720785604,-1.0
489,0.7756877099630062,0.16770709492875358,1.0
490,0.737853496790198,-0.2909429817511975,1.0
491,0.2799962672482288,-0.74229418428533,1.0
492,0.7962458128796986,-0.588910691185028,-1.0
493,-0.7139056301114761,-0.34931045740522476,1.0
494,0.3760166452102623,-0.7225645787970029,1.0
495,-0.7608731565212687,0.033409119778287734,1.0
496,0.009440667902745017,0.7930685433005367,1.0
497,-0.7674103880040309,-0.18288848869411103,1.0
498,-0.41368163845801303,0.6718602917307771,1.0
499,0.8898042429188524,0.46253925699761883,-1.0
500,0.07229307189694888,0.7849363990428977,1.0
501,-0.7774251430372148,0.19738976472593256,1.0
502,0.4485494239033111,0.9145085782497953,-1.0
503,-0.11948690548704707,-0.7872943069648688,1.0
504,0.4397812813141852,-0.6056477445519125,1.0
505,-0.7178999646332566,0.3776070725570163,1.0
506,0.31950878584073816,-0.7631278982961797,1.0
507,0.9956929718109399,-0.2793728521865293,-1.0
508,0.08716360872747275,-0.9869368346217033,-1.0
509,0.2382304069804695,-0.7966845301408397,1.0
510,-0.008556590396587389,-1.0305281122320995,-1.0
511,-0.6613480544901166,0.7218137913892207,-1.0
512,0.7657012256356118,0.25894863737776963,1.0
513,0.4893187667656527,0.630869737586493,1.0
514,0.6749013497677472,-0.45318511670537864,1.0
515,0.8729620795147834,-0.5416017861301892,-1.0
516,-0.9984695443317739,-0.06384738279091487,-1.0
517,0.956932193172105,0.28209427660766817,-1.0
518,-0.0952022946805591,0.7867128686087328,1.0
519,0.594386843318092,0.7525699158992478,-1.0
520,-0.9797483888195992,0.20593384358735256,-1.0
521,-0.33920484487296443,-0.7061472113656537,1.0
522,-0.5556768443022192,0.8101706274989975,-1.0
523,-0.9613183609468432,-0.23324828589240273,-1.0
524,0.1636907987933605,-0.9790285929471484,-1.0
525,-0.6831245353902043,0.38941610717675756,1.0
526,-0.6325224571555281,-0.4704108669017904,1.0
527,0.663991100315669,-0.4948224131341832,1.0
528,-0.172360648014455,0.8171877661670229,1.0
529,0.02909448526436678,0.7866900343049569,1.0
530,0.5956629805044897,0.515466452591771,1.0
531,-0.8223357698919653,-0.6433563372710087,-1.0
532,0.48575910756353263,0.6778898194613463,1.0
533,0.31221560092492445,0.9482185037393661,-1.0
534,-0.6710621658544415,0.4457364685519472,1.0
535,-0.5726129984260796,0.5793496221348597,1.0
536,-0.21148131004000492,-0.7841884986001216,1.0
537,0.35696109943981075,0.6931782678015088,1.0
538,0.4022266340536801,-0.9376753975926392,-1.0
539,0.8065737029438371,-0.09756637942075207,1.0
540,-0.28366890918950244,0.987830595351185,-1.0
541,-0.0030386483933130225,-0.7993647410028727,1.0
542,-0.3951004049442284,-0.6855495233805381,1.0
543,-0.9674283677970592,-0.29951390031554836,-1.0
544,0.8606182921945535,-0.4730610841237707,-1.0
545,-0.7215176219771455,-0.34649681321762693,1.0
546,0.38630220299928447,0.7245625526985263,1.0
547,0.6992512344140397,-0.6881766102026282,-1.0
548,0.39411415718001264,-0.9329622358249275,-1.0
549,0.02268188517857815,0.9841492095228636,-1.0
550,0.5196445626365191,-0.8545600820496788,-1.0
551,0.41713440614658964,0.7365451300409933,1.0
552,-0.016504839362895613,0.8050496953995782,1.0
553,-0.04906613197919685,-1.020073910095271,-1.0
554,0.9391197317416194,-0.23005729280706788,-1.0
555,0.7599553870334623,-0.030289922752537866,1.0
556,0.8084291035391986,0.08247265374453192,1.0
557,0.7785690916609119,-0.6005378735227358,-1.0
558,0.740107665350836,-0.33681705743476154,1.0
559,-0.5284789579967857,-0.848292315629331,-1.0
560,0.04570884891095087,-0.978950626560629,-1.0
561,0.49491322328961257,0.661575049351999,1.0
562,0.8019617744026988,0.1808954990446689,1.0
563,-0.7461397992434026,0.30183028134348616,1.0
564,0.9780087362541051,0.23658576338956358,-1.0
565,-0.87608962791211,0.518818428885728,-1.0
566,-0.25981236126728396,0.7306150111812142,1.0
567,0.8228595431392578,0.5222106733798684,-1.0
568,-0.6454956944414962,-0.7921287510104665,-1.0
569,-0.735999113945995,-0.6736180083306929,-1.0
570,-0.24236040034864165,0.7762098297970466,1.0
571,-0.1938876277396348,-1.0284369813755057,-1.0
572,0.7708914685196184,0.6543641269407088,-1.0
573,0.27728413790129725,0.9573793353126462,-1.0
574,-0.5142068934715172,0.8152309410585616,-1.0
575,0.6006586650572292,0.7536455754026642,-1.0
576,-0.914555053913096,-0.45692864426711904,-1.0
577,-0.060064080965671944,0.9575875865484625,-1.0
578,0.33008940816864285,0.7630679555075568,1.0
579,0.7928641394145182,-0.6519400603956824,-1.0
580,-0.8041846135989766,-0.036258126837557664,1.0
581,-0.5222386520250188,-0.8238016363769662,-1.0
582,0.14863097451301846,0.7849757925538521,1.0
583,0.973624591189324,0.11505390132351564,-1.0
584,0.8790833458297955,-0.43962093136542635,-1.0
585,-0.22568052178882553,-0.7932414124592766,1.0
586,0.7406002880885192,-0.2611891851553148,1.0
587,0.5345382676510455,0.5601622292055458,1.0
588,-0.6433130024117729,0.5166072534228804,1.0
589,-0.9190083214243934,-0.3672518335693011,-1.0
590,0.5172365852504682,-0.8380984580923666,-1.0
591,-0.023284565012337284,0.7969475962030782,1.0
592,0.7956724474014146,-0.08737499955854562,1.0
593,0.5565918220338111,0.5751791782305548,1.0
594,-0.04388797491767337,0.9505466411191902,-1.0
595,-0.6455824851795312,0.7681544317672026,-1.0
596,0.2356941573869714,-0.7882453890457152,1.0
597,0.7253546692065567,0.3056712998434553,1.0
598,-0.9880648297372472,-0.08986946789059333,-1.0
599,0.7195121559941877,0.6375433369530543,-1.0
600,-1.016621464300052,-0.020926113134592587,-1.0
601,-1.0002001666428941,-0.07384196868237317,-1.0
602,0.2650151066034476,-0.7522636143126217,1.0
603,-0.7814170111346824,-0.11419420580831964,1.0
604,-0.6487995329742471,0.4729491848665451,1.0
605,-0.9608987931786833,0.30202677016380847,-1.0
606,0.20064972054549224,0.7728209805574044,1.0
607,0.06547318063292899,0.7601834453945602,1.0
608,0.7957012044593977,-0.1698229708815591,1.0
609,-0.8227044736028072,-0.5772109662958651,-1.0
610,-0.7976564405946434,0.5961823481324713,-1.0
611,-0.6070052617423044,-0.5610706547332119,1.0
612,0.46636177231952775,-0.6237651128852139,1.0
613,-0.763468745994277,0.2662824560370495,1.0
614,0.7486470891466414,-0.3708279001355501,1.0
615,0.7915696154378632,-0.14412566189894238,1.0
616,-0.5994850485520625,-0.5332851182576693,1.0
617,-0.9148948825762407,-0.40296570503826773,-1.0
618,0.013534226128703659,-0.7839783694404342,1.0
619,-0.5508543648950929,0.6569427056300194,1.0
620,-0.7899314367892377,0.5947132645716031,-1.0
621,0.6346102331663439,-0.5495205575474603,1.0
622,1.0072010033523278,-0.029490334080187176,-1.0
623,-0.7676171844263315,0.2691561556833433,1.0
624,-0.2976142859563553,-0.768790178772727,1.0
625,0.5046571285196144,-0.8637879669452159,-1.0
626,0.21815353117491462,-0.7818903420147123,1.0
627,0.7508817347740538,0.659170510099826,-1.0
628,0.34601045012772325,0.7138331733473767,1.0
629,0.8851913505317879,0.4879386355899325,-1.0
630,-0.18396694097061164,0.9837004685966089,-1.0
631,0.6463014112802836,-0.7806551639686058,-1.0
632,-0.237565984334371,0.74436124121359,1.0
633,0.5347604825063808,0.5865409649256894,1.0
634,0.3863028424524729,0.6961415070431349,1.0
635,-0.16416426467987144,0.7558459068318806,1.0
636,-0.2259670060995377,-0.9907204197251864,-1.0
637,0.7831290664608089,-0.0006708917188176997,1.0
638,-0.8554051898129371,-0.4770924439465943,-1.0
639,-0.19044477793887374,0.7768968954062696,1.0
640,-0.9291005558453704,0.32648853088858426,-1.0
641,-0.5427004795257097,-0.848585212550933,-1.0
642,0.9927917090759675,0.08326741289408021,-1.0
643,0.935776719150561,-0.32325807288603114,-1.0
644,0.810334982288773,0.06847907164565684,1.0
645,-0.7636467192780692,0.6952216222754453,-1.0
646,0.30040682440381106,-0.9334305949339522,-1.0
647,-0.21719409015972221,-0.7812596260670291,1.0
648,-0.11690632478653139,-0.9909154943654046,-1.0
649,0.5719290194688877,-0.5228458650173595,1.0
650,-0.5242866551780463,-0.6007145476410584,1.0
651,-0.539475423113299,0.8185679701649218,-1.0
652,0.2757107886528446,-0.7578503164591732,1.0
653,-0.9669644715223211,0.2420760510932839,-1.0
654,0.18329546885219675,0.981114201218081,-1.0
655,-0.2278112768199712,0.7509659203810845,1.0
656,-0.7349547885529881,0.7066632610678345,-1.0
657,-0.22475350385407053,-0.7756271700323987,1.0
658,0.8433657261030019,0.5660091926584121,-1.0
659,0.7464219684978989,0.21089548720600446,1.0
660,0.4967477529388415,-0.6266347394902535,1.0
661,0.5878462759192958,-0.5400294105294063,1.0
662,0.7952468193495696,0.11160972817748396,1.0
663,-0.7353142307362438,-0.34426780693315573,1.0
664,0.1894132852738528,0.7998512248999459,1.0
665,0.7912907442616663,0.08858716903850652,1.0
666,0.9124948318241031,-0.3882964516306123,-1.0
667,0.36141029174360373,0.9094542894570014,-1.0
668,0.4992355150709654,-0.6294002273623401,1.0
669,-0.7918040940827747,-0.6313970910541021,-1.0
670,-0.3381718425615731,-0.7442294732816546,1.0
671,-0.29013535796589895,-0.7522928807250516,1.0
672,0.7967936606834106,-0.5798980950259873,-1.0
673,-0.12529149475522483,0.7743755409446612,1.0
674,0.9932027425063263,0.1517925905224245,-1.0
675,0.8155822324059516,0.03349354566134126,1.0
676,-0.4569833543365337,0.6626192041475503,1.0
677,-0.06931377211917632,0.9913967639184845,-1.0
678,-0.7907261954797454,-0.11289482720769006,1.0
679,0.17960218931860492,0.8105649347905379,1.0
680,-0.25859634998951314,0.9624499307346457,-1.0
681,-0.3043129540459725,-0.9624045782093308,-1.0
682,0.5224243678620726,0.5985665137022521,1.0
683,0.7589062081517164,-0.6496635004910674,-1.0
684,-0.6637326615394059,0.7337954052358576,-1.0
685,0.9698282936296277,0.09316296577296686,-1.0
686,-0.4137551434044024,0.898063933928555,-1.0
687,0.7922462826897364,0.11346339422785964,1.0
688,-0.9821848979285059,0.19351091760098565,-1.0
689,0.7462917822476621,0.661432745212417,-1.0
690,-0.975843395478778,-0.36548137434027544,-1.0
691,0.9532023929984547,0.2811609642898127,-1.0
692,0.2471323016729631,0.7567405057545745,1.0
693,0.9987464478566151,0.17574793555199206,-1.0
694,0.3040281105735529,-0.7031156765276574,1.0
695,-0.4799963203897537,-0.8811700793085688,-1.0
696,0.3678123008808485,0.9440145289014347,-1.0
697,0.44382733371854566,0.874732109743687,-1.0
698,-0.7373943695594769,0.6199981662439503,-1.0
699,0.4749248892720262,0.9196726925582882,-1.0
700,0.0101859034910601,-0.9905951891138188,-1.0
701,0.8649598197107236,-0.529843683224378,-1.0
702,0.33480672751723706,-0.7229939016064632,1.0
703,0.7463985998941167,0.6808618086404845,-1.0
704,-0.6164426063949888,-0.822064454403018,-1.0
705,-0.8773531582209559,-0.47869661873187014,-1.0
706,-0.8549668091210667,0.49550424864380743,-1.0
707,-0.08725144248410743,0.78964483480541,1.0
708,0.14277733611695242,-0.8192900364826878,1.0
709,0.7245458447514825,-0.254014693853535,1.0
710,-0.7099203070712716,0.7377734637780365,-1.0
711,0.3947315356783192,0.9245167148219244,-1.0
712,0.7285894140553016,-0.7393045598091229,-1.0
713,-0.3540608506502153,-0.7070756223642061,1.0
714,0.6380872908091124,-0.46318659632013215,1.0
715,0.4343130817758323,0.6537883421723246,1.0
716,-0.48358311700962525,-0.8852609166592473,-1.0
717,-0.7262878332616401,-0.34787759184157657,1.0
718,0.2979470464533625,-0.728120481671466,1.0
719,-0.36542511016951107,0.7136188405934225,1.0
720,0.5149287821554632,-0.8743706808931652,-1.0
721,-0.46788244576376153,0.6256616096707708,1.0
722,0.6454696769248355,-0.472537487906346,1.0
723,-0.23281521945864053,-0.9554517446770452,-1.0
724,-0.2710762545951094,-0.9561332833568781,-1.0
725,-0.4648670880816415,-0.6384837591352113,1.0
726,-0.5083388059937327,-0.6138461295919264,1.0
727,-1.002903807759853,0.25133126445556003,-1.0
728,0.2738199315327164,0.7258399565552052,1.0
729,0.14048529865987577,0.8230963146969389,1.0
730,-0.6136360004605624,-0.8128253848433333,-1.0
731,0.9693681023257649,-0.1958621697304596,-1.0
732,-0.8730611381478832,0.5016889676663061,-1.0
733,-0.7497858922279659,0.12217356840870543,1.0
734,-0.8503030239415925,-0.5127895609732884,-1.0
735,0.9293600342000341,0.1753060244506695,-1.0
736,-0.8996981601263797,0.36136603539503337,-1.0
737,-0.7404518946882722,-0.1811961091494444,1.0
738,0.28824537807590644,-0.9795134449226821,-1.0
739,-0.1991646458596438,0.9889099150355053,-1.0
740,0.6913984094419172,-0.3902793007686262,1.0
741,-0.4107601118632212,-0.9103933801335682,-1.0
742,-0.998189759061881,-0.14093865825392685,-1.0
743,-0.15365971865318684,0.8048257649782072,1.0
744,-0.6200074147610538,0.5591789864734573,1.0
745,-0.3507184999170825,-0.961073485801714,-1.0
746,0.9039008136470863,0.3550685091164803,-1.0
747,0.6304751470650891,0.4973954259924655,1.0
748,0.28053940042514725,0.7477081058630086,1.0
749,0.7684270470597545,0.603826849560996,-1.0
750,-0.12569053471888975,-0.9974471064844899,-1.0
751,-0.3458632184589974,0.9685091457217733,-1.0
752,0.787459023785776,-0.589080884613154,-1.0
753,0.7246201456372292,-0.727758988854443,-1.0
754,0.3237829460787104,0.9215218672296928,-1.0
755,0.7253382205644994,0.2851982875199008,1.0
756,0.39271977469171193,0.6912243783187964,1.0
757,0.38747155433889774,-0.7083147468092164,1.0
758,-0.6563365340857693,0.4335941364414096,1.0
759,-0.31900573230183815,-0.7477111354284236,1.0
760,-0.8542353385290415,0.534534482882681,-1.0
761,0.13681163568466098,1.0215401667968131,-1.0
762,-0.11007340477489408,0.9656430620631141,-1.0
763,0.0984913330178495,0.9956965498936611,-1.0
764,-0.8754655384166969,0.4793914762797175,-1.0
765,-0.9177578022029,-0.3857911809114886,-1.0
766,0.7133024223427932,-0.3997999924748299,1.0
767,0.6474419732939423,-0.7536652649465053,-1.0
768,-0.7985389251389613,-0.04449636921158175,1.0
769,-0.5415667618343549,0.8453519723002786,-1.0
770,-0.28170681951951304,0.7114981216869409,1.0
771,-0.8047230608586743,-0.00900574988483744,1.0
772,-0.23908086771934878,-0.7495188754931082,1.0
773,-0.05727413947173307,0.8263242065420008,1.0
774,0.12700161019485193,-0.7973464883831538,1.0
775,0.9617148014213959,-0.35786523217256694,-1.0
776,-0.78670577537963,0.14418956101251468,1.0
777,0.5989810617708088,0.5478483066522166,1.0
778,0.6604946773225352,-0.7565143757349686,-1.0
779,0.14903876240468364,0.9761080756924931,-1.0
780,0.705527570175647,0.33984525235914154,1.0
781,-0.3868860883103411,-0.9173215497547826,-1.0
782,0.5510457187344027,0.8064998593762693,-1.0
783,-0.796742709437,-0.018908470520217727,1.0
784,0.6944186891413784,-0.4193425533246037,1.0
785,-0.8008009169693872,0.315219798391598,1.0
786,-0.4168775668475005,-0.7132261184937659,1.0
787,-0.9926321345515181,-0.16797808404849218,-1.0
788,0.7690410490913319,-0.6140261441338928,-1.0
789,0.159184944372868,0.7815513319772484,1.0
790,0.3616871552804987,-0.9185003939762357,-1.0
791,0.7474156154566779,0.21113350555126587,1.0
792,0.7758361173740551,-0.16960489662718303,1.0
793,-0.0031809265395932283,-0.8130402075071456,1.0
794,0.677699406501749,0.702981550014173,-1.0
795,-0.8018918724796721,0.12120874259059708,1.0
796,0.16903534445032453,-0.9938994610457544,-1.0
797,0.9627353166651623,0.13396959807977382,-1.0
798,-0.5060439990863214,-0.6073881371533008,1.0
799,-0.6797493513529641,0.39251401175241407,1.0
800,0.1989992227741134,-1.0025011613997143,-1.0
801,0.38221517107515796,0.9369870377852766,-1.0
802,-0.998196404807041,0.1258691215721838,-1.0
803,-0.007947954115831723,1.0315396429732613,-1.0
804,-0.44873436677828193,0.6773593046705984,1.0
805,-0.20044158012934446,-0.9613738704229635,-1.0
806,0.9969231262997439,0.03891238182848461,-1.0
807,-0.3248323835524397,-0.745929306763789,1.0
808,0.8411889431787422,-0.5555334371422723,-1.0
809,0.776641966335415,-0.047609774720268255,1.0
810,-0.9123365092150002,0.47017787814127276,-1.0
811,0.6661357622642305,-0.7454457490093533,-1.0
812,0.9593562930021167,-0.30236404319353744,-1.0
813,0.2574677048309136,-1.0006651309183945,-1.0
814,-0.001858320602554513,1.0179835255788154,-1.0
815,-0.6515266060518913,0.5024349293531489,1.0
816,-0.09034178149983796,1.010362666277382,-1.0
817,0.45767787358953155,-0.6810453267554762,1.0
818,0.6531039930692119,-0.4600389829259016,1.0
819,0.18142716218569452,-0.9838686118128304,-1.0
820,0.5756707151723512,0.813791053188932,-1.0
821,-1.0090344865520275,-0.09624638694407656,-1.0
822,-0.7968224446920502,-0.07299642137654364,1.0
823,0.06924061741965494,-0.7991023921347074,1.0
824,-0.793822579382825,0.17664143752854367,1.0
825,0.9488234840412542,0.25921130016317623,-1.0
826,-0.9859376065617897,-0.11652409074430106,-1.0
827,-0.171460143654579,0.9677418147168783,-1.0
828,-0.8063790739084367,0.5763502539114035,-1.0
829,0.23721096781025103,-0.7456696379990503,1.0
830,0.9926503584608389,0.17524436468378118,-1.0
831,0.9627710802379569,-0.16812911514527365,-1.0
832,0.9618099361221527,0.1946799445463833,-1.0
833,0.7598463969056627,-0.24011148548230438,1.0
834,-0.06433787725423425,-0.8002738965755155,1.0
835,-0.7180585688881105,0.2826072002317813,1.0
836,0.6579188336133832,0.451340363892106,1.0
837,0.6699374264851626,-0.7329354123642202,-1.0
838,-0.4036085915446898,0.9067461010783275,-1.0
839,0.7447573894548434,-0.4024720342747969,1.0
840,-0.6193442825855511,0.415946543185897,1.0
841,0.687822769128387,-0.7382479238770384,-1.0
842,0.8390917953915643,-0.4927379703591365,-1.0
843,-0.35551064004919763,0.7176251473936693,1.0
844,0.043452456323204706,-0.7892323896430118,1.0
845,-0.08676537774611395,-0.7828238319400581,1.0
846,0.314814774590845,0.9509934646002798,-1.0
847,-0.7393673195937477,-0.251007317192392,1.0
848,-0.5615283151486943,-0.518600626997739,1.0
849,-0.0856946892949342,-0.9774051003215626,-1.0
850,-0.2806160792865355,-0.7431335184430862,1.0
851,0.3036189343025869,-0.7368693212079749,1.0
852,0.7570422380089986,-0.1172364637156798,1.0
853,0.9531554506832582,-0.25689720049736464,-1.0
854,0.38876395862769875,-0.7483976326164682,1.0
855,-0.8530835296917514,-0.519284812953048,-1.0
856,-0.756136256526302,0.13718737798385022,1.0
857,-0.7746143068196123,-0.24315692855991802,1.0
858,-0.8132402515710254,-0.061995693658903894,1.0
859,0.7023098937900268,-0.33989702078875444,1.0
860,0.826219800486931,-0.5634194897755623,-1.0
861,0.2891834791492601,0.9255979290158447,-1.0
862,0.45702041976691593,-0.8665639153979713,-1.0
863,-0.5552496686608395,0.5678751072261886,1.0
864,-0.6870782395523417,0.3569969535601319,1.0
865,-0.8413121126854559,0.575415947276066,-1.0
866,0.5106611432135043,0.6312454210884303,1.0
867,-0.8802488767765099,0.49249771964441974,-1.0
868,-0.09065698059827006,-0.8202786013533518,1.0
869,-0.35878148228014184,0.949781223324684,-1.0
870,0.10133009204519308,0.778047617934906,1.0
871,0.03021969193851302,0.8002170957440234,1.0
872,0.922332418205191,0.4060284597775401,-1.0
873,-0.4777700752210674,-0.877206900480365,-1.0
874,-0.7985107618282091,0.12625622067370873,1.0
875,-0.70628875562762,0.37650914276232084,1.0
876,-0.5905006790436553,-0.5535787178840422,1.0
877,-0.802434190657998,0.18052399689041584,1.0
878,0.9501586817090982,0.37468150012525225,-1.0
879,-0.770629958188977,0.0686262892040985,1.0
880,0.044954171339963295,0.7963991348173828,1.0
881,-0.7549018158054172,-0.22297539052436574,1.0
882,0.7179170972620471,0.7338574648941857,-1.0
883,0.5163486263128775,-0.8294490405770817,-1.0
884,0.7112395055742544,-0.3110718036057458,1.0
885,-0.4698984362783688,0.6170685807864804,1.0
886,-0.6381180244983049,-0.5027226085174921,1.0
887,-1.0003795010690502,0.19201883062252775,-1.0
888,-0.19878274695165823,-0.9792850241471153,-1.0
889,0.41273767783715776,0.8880385127859607,-1.0
890,0.9918680209650669,0.01285776204270981,-1.0
891,0.7647186522601851,-0.02064344558750876,1.0
892,-0.6629580571525167,0.4428851053250071,1.0
893,-0.6139113782673028,-0.7875505680870206,-1.0
894,0.5157105622438092,0.5783312263991318,1.0
895,0.8573071157205553,0.48793965403796574,-1.0
896,0.36153680380848907,-0.8946072130142357,-1.0
897,-0.7708867869324713,-0.21445694191523812,1.0
898,0.32710748920981747,-0.7259497469739972,1.0
899,0.199222423417845,0.975744875624303,-1.0
900,-0.1296614635866909,0.7533600776283836,1.0
901,0.7516553201038055,-0.28199367817826815,1.0
902,-0.014234062616883352,0.7812539886253337,1.0
903,-0.8984867889205872,-0.38585222136877406,-1.0
904,-0.9921921003879324,0.17637520511619484,-1.0
905,0.8119170857880752,0.18002383234195854,1.0
906,-0.09629798316147971,0.766958673088062,1.0
907,0.6605212702269793,0.4327803069013079,1.0
908,-0.937410889052412,0.30944477858806596,-1.0
909,-0.38854519542507443,0.7008345575617506,1.0
910,-0.7932558978400087,-0.06063807708818088,1.0
911,-0.7294314295986084,-0.6735360716683154,-1.0
912,1.0202387112163906,0.09811840922758226,-1.0
913,0.18574366145545054,0.774879476132705,1.0
914,-0.6552641404764006,-0.46963139197857423,1.0
915,0.1357877969052209,-0.7864751680615427,1.0
916,-0.2870860414137931,-0.7323757961577297,1.0
917,0.8131722290084529,-0.00971544882435386,1.0
918,0.9160516409652305,0.40880667418227346,-1.0
919,-0.670871828783135,-0.7461254659813917,-1.0
920,-0.399731392322378,-0.8980148646641962,-1.0
921,-0.09023579423919084,-0.7831358038503492,1.0
922,-0.8119316977532027,-0.10691137926937416,1.0
923,0.48731153562994156,-0.6263099352599892,1.0
924,0.9756129347400193,-0.11443892275204509,-1.0
925,-0.6527204529094227,-0.4557216700420739,1.0
926,-0.7424169035065974,0.6541904215849601,-1.0
927,-0.6493828341476001,-0.5175524495289449,1.0
928,-0.7312570604930073,-0.6345531793714938,-1.0
929,-0.7111984072910831,-0.37261483825172653,1.0
930,-0.6970925384159086,-0.7129733874458768,-1.0
931,-0.7998797738681735,0.6010409985329583,-1.0
932,-0.9262346230220305,0.36488790629069934,-1.0
933,0.997289005342648,-0.08169655760469846,-1.0
934,0.4388014090668717,-0.9277291561734546,-1.0
935,-0.7017440296936863,-0.2694533037065089,1.0
936,0.6474464680227713,0.5206282756122461,1.0
937,0.2587716536883769,0.9672326262306936,-1.0
938,-0.5667533238568301,0.5730649304851344,1.0
939,0.5851244830181992,0.5491280785677265,1.0
940,-0.6731216051633642,0.42191222790229815,1.0
941,-0.9714250218932288,0.0341162798354508,-1.0
942,-0.24127147063424992,0.7360861231975538,1.0
943,0.8235176599788588,0.5640616965145638,-1.0
944,-0.455040800664428,0.6376173496012414,1.0
945,-0.7653214315786953,-0.649476401687982,-1.0
946,-0.7674827157456222,-0.6896005264169428,-1.0
947,0.6170631291370638,-0.8118349719627449,-1.0
948,0.9877770354384041,-0.1949401439032435,-1.0
949,0.45981890086756994,0.6350378399428024,1.0
950,0.5711351334912869,0.8190645544573936,-1.0
951,0.264893711587935,-0.9769066862329506,-1.0
952,-0.9712895307824205,0.1362792381198553,-1.0
953,-0.8189300797712348,-0.14592536174395418,1.0
954,-0.7146692246791272,-0.6674002412883743,-1.0
955,0.32669485613897614,-0.9970036525305295,-1.0
956,0.0809794154164489,0.9571571090451982,-1.0
957,-0.9964095918146488,0.047147753744623114,-1.0
958,-0.5610400197035169,-0.8305426677596286,-1.0
959,0.01525551970899371,0.8205929092423434,1.0
960,0.3921544862298053,-0.6525825097607795,1.0
961,0.6844619363983918,0.4064508282639835,1.0
962,1.0051272268184113,-0.07437975661677998,-1.0
963,0.12391621420134527,-0.8061832752357363,1.0
964,0.7919895867572816,-0.05181130012129123,1.0
965,0.5859880574667885,-0.5719434019253594,1.0
966,-0.32809709650274826,-0.9343934296104215,-1.0
967,0.22987259016550862,0.9357493664849462,-1.0
968,-0.7158561050381942,-0.7598379291373432,-1.0
969,-1.0097360643611495,-0.028324032955579403,-1.0
970,-0.12996012686141373,0.7723141683592603,1.0
971,0.011786476624680017,-0.8233425138647007,1.0
972,-0.06400567958858806,-0.9831313330130739,-1.0
973,-0.6730753422987509,0.7177195643889452,-1.0
974,-1.0088369042397474,0.08728619875587507,-1.0
975,-0.722756073796715,-0.3666564441174478,1.0
976,-0.8042687538732457,-0.023157139195047464,1.0
977,-0.7716291468353474,-0.2793225229093484,1.0
978,-0.4303012524695065,-0.6369310481494146,1.0
979,0.7513864082480631,0.2798635409475274,1.0
980,-0.5143205842357532,0.6357230715213231,1.0
981,-0.6194422959159772,0.8242708305526231,-1.0
982,0.5891404913218972,-0.5655435793952244,1.0
983,-0.16754528778298372,0.7596740230123232,1.0
984,0.8504367747629514,-0.5720917014991181,-1.0
985,-0.7767682628546494,-0.1393667906961413,1.0
986,-0.3346835272484359,0.7287610852587603,1.0
987,-0.1811968156182728,-0.7781015449807471,1.0
988,0.2415908182503568,-1.010482409548093,-1.0
989,0.9274345951464696,0.3401016953785743,-1.0
990,0.9645890640006679,-0.314175595278242,-1.0
991,-0.7441186352126568,-0.3394267979798301,1.0
992,-0.9928454200917585,-0.044451232858209365,-1.0
993,-0.7926895065534727,0.23698755005446423,1.0
994,1.008720830267566,-0.09708144018524145,-1.0
995,-0.6672617375281865,0.5044296222847501,1.0
996,0.3532053664819598,-0.9189782153571806,-1.0
997,0.9819593953335156,0.3306656963033015,-1.0
998,1.0303475102894082,-0.06896240225697499,-1.0
999,-0.07280698649334783,1.0131803339004082,-1.0
